Model,Threshold,Accuracy,Precision,Recall,F1_Score,True_Negatives,False_Positives,False_Negatives,True_Positives
Random Forest,0.2,0.5245,0.2948717948717949,0.9606879606879607,0.4512406231967686,658,935,16,391
Random Forest,0.25,0.588,0.3219470538001708,0.9262899262899262,0.47782002534854245,799,794,30,377
Random Forest,0.3,0.6555,0.3601190476190476,0.8918918918918919,0.5130742049469965,948,645,44,363
Random Forest,0.35,0.7105,0.40046296296296297,0.8501228501228502,0.5444531864673485,1075,518,61,346
Random Forest,0.4,0.7485,0.4358288770053476,0.800982800982801,0.5645021645021645,1171,422,81,326
Random Forest,0.45,0.7895,0.4889589905362776,0.7616707616707616,0.595581171950048,1269,324,97,310
Random Forest,0.5,0.8215,0.5468164794007491,0.7174447174447175,0.620616365568544,1351,242,115,292
Random Forest,0.55,0.838,0.5916114790286976,0.6584766584766585,0.6232558139534884,1408,185,139,268
Random Forest,0.6,0.8515,0.6432291666666666,0.6068796068796068,0.6245259165613148,1456,137,160,247
Random Forest,0.65,0.862,0.7040498442367601,0.5552825552825553,0.6208791208791209,1498,95,181,226
Random Forest,0.7,0.8685,0.7686567164179104,0.5061425061425061,0.6103703703703703,1531,62,201,206
