Feature,Importance
num__NumOfProducts,0.21788569
num__Age,0.12132825
num__Engagement_Product_Interaction,0.11528391
num__IsActiveMember,0.11182824
cat__Geography_Germany,0.08576818
num__Balance,0.03876869
cat__Gender_Female,0.038432445
num__Balance_to_Salary,0.035389975
cat__Geography_Spain,0.02967016
cat__Gender_Male,0.02951132
cat__Geography_France,0.029083017
num__Age_Tenure_Interaction,0.02685731
num__CreditScore,0.026132653
num__Tenure,0.025245456
num__EstimatedSalary,0.024788072
num__Product_Density,0.022567438
num__HasCrCard,0.021459175
